seed,method,admm_controller,admm_rho0,bits,name,d_in,d_out,recon_error,final_primal,final_dual,final_rho
0,gptq_proxy,,,4,model.decoder.layers.0.self_attn.k_proj,768,768,0.09900771506285404,,,
0,gptq_proxy,,,4,model.decoder.layers.0.self_attn.v_proj,768,768,0.15069378562747915,,,
0,gptq_proxy,,,4,model.decoder.layers.0.self_attn.q_proj,768,768,0.09417329996473374,,,
0,gptq_proxy,,,4,model.decoder.layers.0.self_attn.out_proj,768,768,0.08053732500319444,,,
0,gptq_proxy,,,4,model.decoder.layers.0.fc1,768,3072,0.05781480385159521,,,
0,gptq_proxy,,,4,model.decoder.layers.0.fc2,3072,768,0.07147086365006629,,,
0,gptq_proxy,,,4,model.decoder.layers.1.self_attn.k_proj,768,768,0.08850801621617099,,,
0,gptq_proxy,,,4,model.decoder.layers.1.self_attn.v_proj,768,768,0.1443734741217404,,,
0,gptq_proxy,,,4,model.decoder.layers.1.self_attn.q_proj,768,768,0.10305160314934936,,,
0,gptq_proxy,,,4,model.decoder.layers.1.self_attn.out_proj,768,768,0.12567223877495726,,,
0,gptq_proxy,,,4,model.decoder.layers.1.fc1,768,3072,0.06837977918507171,,,
0,gptq_proxy,,,4,model.decoder.layers.1.fc2,3072,768,0.14085775299482398,,,
0,gptq_proxy,,,4,model.decoder.layers.2.self_attn.k_proj,768,768,0.09652788060496144,,,
0,gptq_proxy,,,4,model.decoder.layers.2.self_attn.v_proj,768,768,0.13841238558345031,,,
0,gptq_proxy,,,4,model.decoder.layers.2.self_attn.q_proj,768,768,0.0938911340445233,,,
0,gptq_proxy,,,4,model.decoder.layers.2.self_attn.out_proj,768,768,0.15449350879915016,,,
0,gptq_proxy,,,4,model.decoder.layers.2.fc1,768,3072,0.08385745345474731,,,
0,gptq_proxy,,,4,model.decoder.layers.2.fc2,3072,768,0.051186678556058726,,,
0,gptq_proxy,,,4,model.decoder.layers.3.self_attn.k_proj,768,768,0.05921634273522898,,,
0,gptq_proxy,,,4,model.decoder.layers.3.self_attn.v_proj,768,768,0.1329042221385804,,,
0,gptq_proxy,,,4,model.decoder.layers.3.self_attn.q_proj,768,768,0.06329271659310845,,,
0,gptq_proxy,,,4,model.decoder.layers.3.self_attn.out_proj,768,768,0.14114159524086373,,,
0,gptq_proxy,,,4,model.decoder.layers.3.fc1,768,3072,0.06937322001639418,,,
0,gptq_proxy,,,4,model.decoder.layers.3.fc2,3072,768,0.14934101640412567,,,
0,gptq_proxy,,,4,model.decoder.layers.4.self_attn.k_proj,768,768,0.0704831151140765,,,
0,gptq_proxy,,,4,model.decoder.layers.4.self_attn.v_proj,768,768,0.1366753404357818,,,
0,gptq_proxy,,,4,model.decoder.layers.4.self_attn.q_proj,768,768,0.07737720774245034,,,
0,gptq_proxy,,,4,model.decoder.layers.4.self_attn.out_proj,768,768,0.13006239582166382,,,
0,gptq_proxy,,,4,model.decoder.layers.4.fc1,768,3072,0.06227986355212721,,,
0,gptq_proxy,,,4,model.decoder.layers.4.fc2,3072,768,0.21056871474148078,,,
0,gptq_proxy,,,4,model.decoder.layers.5.self_attn.k_proj,768,768,0.07586096114643723,,,
0,gptq_proxy,,,4,model.decoder.layers.5.self_attn.v_proj,768,768,0.14878067274176798,,,
0,gptq_proxy,,,4,model.decoder.layers.5.self_attn.q_proj,768,768,0.07986525423921059,,,
0,gptq_proxy,,,4,model.decoder.layers.5.self_attn.out_proj,768,768,0.14609744280203965,,,
0,gptq_proxy,,,4,model.decoder.layers.5.fc1,768,3072,0.06851900182677123,,,
0,gptq_proxy,,,4,model.decoder.layers.5.fc2,3072,768,0.3509996469551678,,,
0,gptq_proxy,,,4,model.decoder.layers.6.self_attn.k_proj,768,768,0.08314996889601808,,,
0,gptq_proxy,,,4,model.decoder.layers.6.self_attn.v_proj,768,768,0.15477492350372765,,,
0,gptq_proxy,,,4,model.decoder.layers.6.self_attn.q_proj,768,768,0.08563711158145071,,,
0,gptq_proxy,,,4,model.decoder.layers.6.self_attn.out_proj,768,768,0.13997041937440208,,,
0,gptq_proxy,,,4,model.decoder.layers.6.fc1,768,3072,0.08516617935612354,,,
0,gptq_proxy,,,4,model.decoder.layers.6.fc2,3072,768,0.3636619027325806,,,
0,gptq_proxy,,,4,model.decoder.layers.7.self_attn.k_proj,768,768,0.11209577782456012,,,
0,gptq_proxy,,,4,model.decoder.layers.7.self_attn.v_proj,768,768,0.1648467058837881,,,
0,gptq_proxy,,,4,model.decoder.layers.7.self_attn.q_proj,768,768,0.12477694176202561,,,
0,gptq_proxy,,,4,model.decoder.layers.7.self_attn.out_proj,768,768,0.15596428399442164,,,
0,gptq_proxy,,,4,model.decoder.layers.7.fc1,768,3072,0.08325013089784743,,,
0,gptq_proxy,,,4,model.decoder.layers.7.fc2,3072,768,0.3178048443089989,,,
0,gptq_proxy,,,4,model.decoder.layers.8.self_attn.k_proj,768,768,0.12934091583389948,,,
0,gptq_proxy,,,4,model.decoder.layers.8.self_attn.v_proj,768,768,0.19350934331007982,,,
0,gptq_proxy,,,4,model.decoder.layers.8.self_attn.q_proj,768,768,0.13633506129789555,,,
0,gptq_proxy,,,4,model.decoder.layers.8.self_attn.out_proj,768,768,0.1314941110431685,,,
0,gptq_proxy,,,4,model.decoder.layers.8.fc1,768,3072,0.07452458020749092,,,
0,gptq_proxy,,,4,model.decoder.layers.8.fc2,3072,768,0.3178256446575433,,,
0,gptq_proxy,,,4,model.decoder.layers.9.self_attn.k_proj,768,768,0.15074194125688747,,,
0,gptq_proxy,,,4,model.decoder.layers.9.self_attn.v_proj,768,768,0.18843108195015876,,,
0,gptq_proxy,,,4,model.decoder.layers.9.self_attn.q_proj,768,768,0.16026762187448818,,,
0,gptq_proxy,,,4,model.decoder.layers.9.self_attn.out_proj,768,768,0.12376127365604844,,,
0,gptq_proxy,,,4,model.decoder.layers.9.fc1,768,3072,0.06495095691295143,,,
0,gptq_proxy,,,4,model.decoder.layers.9.fc2,3072,768,0.2668723268593885,,,
0,gptq_proxy,,,4,model.decoder.layers.10.self_attn.k_proj,768,768,0.13858805149161876,,,
0,gptq_proxy,,,4,model.decoder.layers.10.self_attn.v_proj,768,768,0.1787582335969318,,,
0,gptq_proxy,,,4,model.decoder.layers.10.self_attn.q_proj,768,768,0.13008337701580452,,,
0,gptq_proxy,,,4,model.decoder.layers.10.self_attn.out_proj,768,768,0.13487200720515977,,,
0,gptq_proxy,,,4,model.decoder.layers.10.fc1,768,3072,0.06140215405286174,,,
0,gptq_proxy,,,4,model.decoder.layers.10.fc2,3072,768,0.2730356582844171,,,
0,gptq_proxy,,,4,model.decoder.layers.11.self_attn.k_proj,768,768,0.14272815723794657,,,
0,gptq_proxy,,,4,model.decoder.layers.11.self_attn.v_proj,768,768,0.18243157468964544,,,
0,gptq_proxy,,,4,model.decoder.layers.11.self_attn.q_proj,768,768,0.13132999259074982,,,
0,gptq_proxy,,,4,model.decoder.layers.11.self_attn.out_proj,768,768,0.13142179733183135,,,
0,gptq_proxy,,,4,model.decoder.layers.11.fc1,768,3072,0.06839230426115704,,,
0,gptq_proxy,,,4,model.decoder.layers.11.fc2,3072,768,0.10972324429092752,,,
0,gptq_proxy,,,4,lm_head,768,50272,0.0452307691906256,,,
0,awq_proxy,,,4,model.decoder.layers.0.self_attn.k_proj,768,768,0.1118519087633938,,,
0,awq_proxy,,,4,model.decoder.layers.0.self_attn.v_proj,768,768,0.16993766953801703,,,
0,awq_proxy,,,4,model.decoder.layers.0.self_attn.q_proj,768,768,0.10634163409614655,,,
0,awq_proxy,,,4,model.decoder.layers.0.self_attn.out_proj,768,768,0.11055961254907612,,,
0,awq_proxy,,,4,model.decoder.layers.0.fc1,768,3072,0.07169269325601674,,,
0,awq_proxy,,,4,model.decoder.layers.0.fc2,3072,768,0.10169274937251566,,,
0,awq_proxy,,,4,model.decoder.layers.1.self_attn.k_proj,768,768,0.0890997208989254,,,
0,awq_proxy,,,4,model.decoder.layers.1.self_attn.v_proj,768,768,0.13958890682101188,,,
0,awq_proxy,,,4,model.decoder.layers.1.self_attn.q_proj,768,768,0.10625877086383141,,,
0,awq_proxy,,,4,model.decoder.layers.1.self_attn.out_proj,768,768,0.16716454956360288,,,
0,awq_proxy,,,4,model.decoder.layers.1.fc1,768,3072,0.07694695802943116,,,
0,awq_proxy,,,4,model.decoder.layers.1.fc2,3072,768,0.12179407927072035,,,
0,awq_proxy,,,4,model.decoder.layers.2.self_attn.k_proj,768,768,0.13941790503277682,,,
0,awq_proxy,,,4,model.decoder.layers.2.self_attn.v_proj,768,768,0.1394477153960991,,,
0,awq_proxy,,,4,model.decoder.layers.2.self_attn.q_proj,768,768,0.138051734605617,,,
0,awq_proxy,,,4,model.decoder.layers.2.self_attn.out_proj,768,768,0.20515923216494467,,,
0,awq_proxy,,,4,model.decoder.layers.2.fc1,768,3072,0.0851402794615894,,,
0,awq_proxy,,,4,model.decoder.layers.2.fc2,3072,768,0.05731115381242271,,,
0,awq_proxy,,,4,model.decoder.layers.3.self_attn.k_proj,768,768,0.09743220611430713,,,
0,awq_proxy,,,4,model.decoder.layers.3.self_attn.v_proj,768,768,0.15137210556983322,,,
0,awq_proxy,,,4,model.decoder.layers.3.self_attn.q_proj,768,768,0.10157879353164968,,,
0,awq_proxy,,,4,model.decoder.layers.3.self_attn.out_proj,768,768,0.17590401041686474,,,
0,awq_proxy,,,4,model.decoder.layers.3.fc1,768,3072,0.05935803120993624,,,
0,awq_proxy,,,4,model.decoder.layers.3.fc2,3072,768,0.13540425379643037,,,
0,awq_proxy,,,4,model.decoder.layers.4.self_attn.k_proj,768,768,0.0993364682958315,,,
0,awq_proxy,,,4,model.decoder.layers.4.self_attn.v_proj,768,768,0.14329268632264833,,,
0,awq_proxy,,,4,model.decoder.layers.4.self_attn.q_proj,768,768,0.10948647941191986,,,
0,awq_proxy,,,4,model.decoder.layers.4.self_attn.out_proj,768,768,0.1615226938343681,,,
0,awq_proxy,,,4,model.decoder.layers.4.fc1,768,3072,0.060698944198058824,,,
0,awq_proxy,,,4,model.decoder.layers.4.fc2,3072,768,0.16211028009552725,,,
0,awq_proxy,,,4,model.decoder.layers.5.self_attn.k_proj,768,768,0.09574381288226923,,,
0,awq_proxy,,,4,model.decoder.layers.5.self_attn.v_proj,768,768,0.14819147149685727,,,
0,awq_proxy,,,4,model.decoder.layers.5.self_attn.q_proj,768,768,0.10416550230597056,,,
0,awq_proxy,,,4,model.decoder.layers.5.self_attn.out_proj,768,768,0.17509089587987853,,,
0,awq_proxy,,,4,model.decoder.layers.5.fc1,768,3072,0.060938530187303996,,,
0,awq_proxy,,,4,model.decoder.layers.5.fc2,3072,768,0.24989538546486922,,,
0,awq_proxy,,,4,model.decoder.layers.6.self_attn.k_proj,768,768,0.09758487213539911,,,
0,awq_proxy,,,4,model.decoder.layers.6.self_attn.v_proj,768,768,0.1474730917412644,,,
0,awq_proxy,,,4,model.decoder.layers.6.self_attn.q_proj,768,768,0.1032219689178419,,,
0,awq_proxy,,,4,model.decoder.layers.6.self_attn.out_proj,768,768,0.15998200401490556,,,
0,awq_proxy,,,4,model.decoder.layers.6.fc1,768,3072,0.06588203601177299,,,
0,awq_proxy,,,4,model.decoder.layers.6.fc2,3072,768,0.27432714341974673,,,
0,awq_proxy,,,4,model.decoder.layers.7.self_attn.k_proj,768,768,0.10278971403912288,,,
0,awq_proxy,,,4,model.decoder.layers.7.self_attn.v_proj,768,768,0.1445753457817557,,,
0,awq_proxy,,,4,model.decoder.layers.7.self_attn.q_proj,768,768,0.11025125788429734,,,
0,awq_proxy,,,4,model.decoder.layers.7.self_attn.out_proj,768,768,0.19923702502039053,,,
0,awq_proxy,,,4,model.decoder.layers.7.fc1,768,3072,0.06639920561326138,,,
0,awq_proxy,,,4,model.decoder.layers.7.fc2,3072,768,0.2576941591086998,,,
0,awq_proxy,,,4,model.decoder.layers.8.self_attn.k_proj,768,768,0.1100609047726781,,,
0,awq_proxy,,,4,model.decoder.layers.8.self_attn.v_proj,768,768,0.1557887553317082,,,
0,awq_proxy,,,4,model.decoder.layers.8.self_attn.q_proj,768,768,0.11241179833095737,,,
0,awq_proxy,,,4,model.decoder.layers.8.self_attn.out_proj,768,768,0.1666225921829271,,,
0,awq_proxy,,,4,model.decoder.layers.8.fc1,768,3072,0.06581945532299492,,,
0,awq_proxy,,,4,model.decoder.layers.8.fc2,3072,768,0.27799135215102294,,,
0,awq_proxy,,,4,model.decoder.layers.9.self_attn.k_proj,768,768,0.11208511515867382,,,
0,awq_proxy,,,4,model.decoder.layers.9.self_attn.v_proj,768,768,0.1555012266169211,,,
0,awq_proxy,,,4,model.decoder.layers.9.self_attn.q_proj,768,768,0.11910952665195719,,,
0,awq_proxy,,,4,model.decoder.layers.9.self_attn.out_proj,768,768,0.16053901020263373,,,
0,awq_proxy,,,4,model.decoder.layers.9.fc1,768,3072,0.0679493830723851,,,
0,awq_proxy,,,4,model.decoder.layers.9.fc2,3072,768,0.2593678074393555,,,
0,awq_proxy,,,4,model.decoder.layers.10.self_attn.k_proj,768,768,0.12547151869413287,,,
0,awq_proxy,,,4,model.decoder.layers.10.self_attn.v_proj,768,768,0.16657391024157603,,,
0,awq_proxy,,,4,model.decoder.layers.10.self_attn.q_proj,768,768,0.11988348050461925,,,
0,awq_proxy,,,4,model.decoder.layers.10.self_attn.out_proj,768,768,0.16715430693244332,,,
0,awq_proxy,,,4,model.decoder.layers.10.fc1,768,3072,0.0682709641772932,,,
0,awq_proxy,,,4,model.decoder.layers.10.fc2,3072,768,0.2919638590726642,,,
0,awq_proxy,,,4,model.decoder.layers.11.self_attn.k_proj,768,768,0.14065006142375236,,,
0,awq_proxy,,,4,model.decoder.layers.11.self_attn.v_proj,768,768,0.1854722387592218,,,
0,awq_proxy,,,4,model.decoder.layers.11.self_attn.q_proj,768,768,0.1274149162045708,,,
0,awq_proxy,,,4,model.decoder.layers.11.self_attn.out_proj,768,768,0.17369884354961176,,,
0,awq_proxy,,,4,model.decoder.layers.11.fc1,768,3072,0.08706962548126708,,,
0,awq_proxy,,,4,model.decoder.layers.11.fc2,3072,768,0.12397878232130637,,,
0,awq_proxy,,,4,lm_head,768,50272,0.05560702716383371,,,
0,admm_gptq,task_norm_magnitude,1.0,4,model.decoder.layers.0.self_attn.k_proj,768,768,0.09145730989028464,2.78206339739771,0.24244062422105356,0.0937723724116511
0,admm_gptq,task_norm_magnitude,1.0,4,model.decoder.layers.0.self_attn.v_proj,768,768,0.18250630209738258,0.013520974269635187,0.0454969783327664,1.280906635664846
0,admm_gptq,task_norm_magnitude,1.0,4,model.decoder.layers.0.self_attn.q_proj,768,768,0.09103481004160564,1.9899322909441395,0.21720983213848918,0.1166911826025504
0,admm_gptq,task_norm_magnitude,1.0,4,model.decoder.layers.0.self_attn.out_proj,768,768,0.11045598118072446,0.000137632287176937,0.024660367324953743,4.467593202069646
0,admm_gptq,task_norm_magnitude,1.0,4,model.decoder.layers.0.fc1,768,3072,0.07816193388438981,0.20408768127802104,0.17288541719832223,1.0140513599341745
0,admm_gptq,task_norm_magnitude,1.0,4,model.decoder.layers.0.fc2,3072,768,0.10223243896805205,0.0005477056553452574,0.05676319299575181,2.3585708276934056
0,admm_gptq,task_norm_magnitude,1.0,4,model.decoder.layers.1.self_attn.k_proj,768,768,0.08139667822623083,0.714750023206798,0.13127336441364948,0.22326925944704004
0,admm_gptq,task_norm_magnitude,1.0,4,model.decoder.layers.1.self_attn.v_proj,768,768,0.1455698553003565,0.013331977865155708,0.03220521129627316,1.2789282502603645
0,admm_gptq,task_norm_magnitude,1.0,4,model.decoder.layers.1.self_attn.q_proj,768,768,0.09828271955967205,0.6759722886158195,0.13482570949673273,0.2445480365655884
0,admm_gptq,task_norm_magnitude,1.0,4,model.decoder.layers.1.self_attn.out_proj,768,768,0.1704734083103373,2.0438313678521293e-06,0.009116723300319722,22.944705366260457
0,admm_gptq,task_norm_magnitude,1.0,4,model.decoder.layers.1.fc1,768,3072,0.08863650858864155,0.31641689329904976,0.20654039095799337,0.7645945046916327
0,admm_gptq,task_norm_magnitude,1.0,4,model.decoder.layers.1.fc2,3072,768,0.18691185881933434,6.178404734962976e-06,0.006338380663344134,39.87797289833099
0,admm_gptq,task_norm_magnitude,1.0,4,model.decoder.layers.2.self_attn.k_proj,768,768,0.07923489315948071,3.3960772155700605,0.2223434633909373,0.07291186890773901
0,admm_gptq,task_norm_magnitude,1.0,4,model.decoder.layers.2.self_attn.v_proj,768,768,0.16537821395740132,0.09984824579917653,0.08475783292141396,1.0245837556371307
0,admm_gptq,task_norm_magnitude,1.0,4,model.decoder.layers.2.self_attn.q_proj,768,768,0.08125708719187236,2.555894199224769,0.19164112721110335,0.08571238963334134
0,admm_gptq,task_norm_magnitude,1.0,4,model.decoder.layers.2.self_attn.out_proj,768,768,0.21648697704353484,1.330802519282463e-05,0.019173372718844277,6.801117896317588
0,admm_gptq,task_norm_magnitude,1.0,4,model.decoder.layers.2.fc1,768,3072,0.07567484328207823,0.36171841549447764,0.26413135444947505,0.7014380949963475
0,admm_gptq,task_norm_magnitude,1.0,4,model.decoder.layers.2.fc2,3072,768,0.06559340601482176,8.264987098057653e-06,0.02875810778738334,9.572904665397335
0,admm_gptq,task_norm_magnitude,1.0,4,model.decoder.layers.3.self_attn.k_proj,768,768,0.057047714316195375,1.2797407239352208,0.1157276935624747,0.10855328386698264
0,admm_gptq,task_norm_magnitude,1.0,4,model.decoder.layers.3.self_attn.v_proj,768,768,0.17318189013085428,0.07526594412400112,0.06141605032719843,1.17956264341308
0,admm_gptq,task_norm_magnitude,1.0,4,model.decoder.layers.3.self_attn.q_proj,768,768,0.061567882694957055,1.2336427955478935,0.11674704213768619,0.11538030854613814
0,admm_gptq,task_norm_magnitude,1.0,4,model.decoder.layers.3.self_attn.out_proj,768,768,0.19111103951046263,2.151668590090473e-06,0.008312894849082425,27.718371651051214
0,admm_gptq,task_norm_magnitude,1.0,4,model.decoder.layers.3.fc1,768,3072,0.05991975187401154,0.2790133097161127,0.28067216873212775,0.9615333065680921
0,admm_gptq,task_norm_magnitude,1.0,4,model.decoder.layers.3.fc2,3072,768,0.1910580911348853,4.889816697161221e-06,0.013573961668527314,36.89512129766756
0,admm_gptq,task_norm_magnitude,1.0,4,model.decoder.layers.4.self_attn.k_proj,768,768,0.060100489763488175,5.49979192167048,0.3387121474737005,0.0632712324440303
0,admm_gptq,task_norm_magnitude,1.0,4,model.decoder.layers.4.self_attn.v_proj,768,768,0.1629801218502236,0.10638581809860514,0.09642889757367004,1.0555557499762294
0,admm_gptq,task_norm_magnitude,1.0,4,model.decoder.layers.4.self_attn.q_proj,768,768,0.06526227272444991,4.629431792096499,0.3064287095408571,0.06853579310691352
0,admm_gptq,task_norm_magnitude,1.0,4,model.decoder.layers.4.self_attn.out_proj,768,768,0.16714714760059157,5.017103387292593e-06,0.013203623344362158,12.554035039751165
0,admm_gptq,task_norm_magnitude,1.0,4,model.decoder.layers.4.fc1,768,3072,0.0590254093956179,0.18270618901714444,0.14127337804943838,1.1150713449987468
0,admm_gptq,task_norm_magnitude,1.0,4,model.decoder.layers.4.fc2,3072,768,0.2859439830735822,5.843165742811035e-06,0.0024927037805508993,39.87797289833099
0,admm_gptq,task_norm_magnitude,1.0,4,model.decoder.layers.5.self_attn.k_proj,768,768,0.06400836562211058,8.042397210604067,0.4483967875023647,0.055906838059335696
0,admm_gptq,task_norm_magnitude,1.0,4,model.decoder.layers.5.self_attn.v_proj,768,768,0.1673128648400065,0.10383804958921732,0.08676696174371099,0.9039445970950077
0,admm_gptq,task_norm_magnitude,1.0,4,model.decoder.layers.5.self_attn.q_proj,768,768,0.06713585683631229,7.0210513600868945,0.41225731565830576,0.05928090736719427
0,admm_gptq,task_norm_magnitude,1.0,4,model.decoder.layers.5.self_attn.out_proj,768,768,0.19371506177225004,2.999207988859871e-06,0.011251238412097167,18.04747703672148
0,admm_gptq,task_norm_magnitude,1.0,4,model.decoder.layers.5.fc1,768,3072,0.06766683735194472,0.17216712337245663,0.12118748793122695,1.1319071379606958
0,admm_gptq,task_norm_magnitude,1.0,4,model.decoder.layers.5.fc2,3072,768,0.48940799768394366,6.528134767654687e-06,0.0048503958152417755,39.87797289833099
0,admm_gptq,task_norm_magnitude,1.0,4,model.decoder.layers.6.self_attn.k_proj,768,768,0.06937497362173776,10.898142077094684,0.5345813374083414,0.047453541783473205
0,admm_gptq,task_norm_magnitude,1.0,4,model.decoder.layers.6.self_attn.v_proj,768,768,0.16327032125243193,0.12553775866228428,0.09361823760338449,0.7497415921255975
0,admm_gptq,task_norm_magnitude,1.0,4,model.decoder.layers.6.self_attn.q_proj,768,768,0.07017752796731451,7.85906678462274,0.4714468014221164,0.05972503215133947
0,admm_gptq,task_norm_magnitude,1.0,4,model.decoder.layers.6.self_attn.out_proj,768,768,0.17864895727172703,4.5594905540991805e-05,0.022313249210169042,6.112215636197891
0,admm_gptq,task_norm_magnitude,1.0,4,model.decoder.layers.6.fc1,768,3072,0.07284273200243012,0.24430361075949827,0.17041417427826028,0.7812874622431959
0,admm_gptq,task_norm_magnitude,1.0,4,model.decoder.layers.6.fc2,3072,768,0.477842099427506,1.1740036849385e-05,0.027067201397326116,16.68923460722808
0,admm_gptq,task_norm_magnitude,1.0,4,model.decoder.layers.7.self_attn.k_proj,768,768,0.0824641915348161,12.171434347974902,0.5288625820852938,0.0399137998272605
0,admm_gptq,task_norm_magnitude,1.0,4,model.decoder.layers.7.self_attn.v_proj,768,768,0.14646998859768007,0.1091110331004902,0.0902007488210571,0.8372931021490874
0,admm_gptq,task_norm_magnitude,1.0,4,model.decoder.layers.7.self_attn.q_proj,768,768,0.0847691711186115,10.522059564928563,0.5228956930114086,0.04669067620882279
0,admm_gptq,task_norm_magnitude,1.0,4,model.decoder.layers.7.self_attn.out_proj,768,768,0.21554277005435665,0.0006436962362547106,0.043048601916738705,1.920599599826865
0,admm_gptq,task_norm_magnitude,1.0,4,model.decoder.layers.7.fc1,768,3072,0.07127182999291556,0.2731534708903156,0.19538237854960616,0.7582842480725133
0,admm_gptq,task_norm_magnitude,1.0,4,model.decoder.layers.7.fc2,3072,768,0.4381405950615127,6.476479693925087e-06,0.010561011952702091,39.87797289833099
0,admm_gptq,task_norm_magnitude,1.0,4,model.decoder.layers.8.self_attn.k_proj,768,768,0.09273326353940463,12.558924227773165,0.49940661004944187,0.035275923039642505
0,admm_gptq,task_norm_magnitude,1.0,4,model.decoder.layers.8.self_attn.v_proj,768,768,0.15423173968098958,0.19429756629452907,0.10636204103156892,0.534672963271202
0,admm_gptq,task_norm_magnitude,1.0,4,model.decoder.layers.8.self_attn.q_proj,768,768,0.09299535599010177,11.227919547640655,0.49783971110104774,0.040028300567263586
0,admm_gptq,task_norm_magnitude,1.0,4,model.decoder.layers.8.self_attn.out_proj,768,768,0.1753257154143207,0.0004070517295392141,0.03848805502692941,1.8619719245542776
0,admm_gptq,task_norm_magnitude,1.0,4,model.decoder.layers.8.fc1,768,3072,0.06878415358058645,0.2080617664575041,0.14856963349446886,0.910375611980284
0,admm_gptq,task_norm_magnitude,1.0,4,model.decoder.layers.8.fc2,3072,768,0.44601068834442187,9.497935441667953e-06,0.021805976231091297,22.244473337060427
0,admm_gptq,task_norm_magnitude,1.0,4,model.decoder.layers.9.self_attn.k_proj,768,768,0.10380113907615379,12.530480415901181,0.5001228776211388,0.03494037259251505
0,admm_gptq,task_norm_magnitude,1.0,4,model.decoder.layers.9.self_attn.v_proj,768,768,0.14742056843504314,0.1768932982468111,0.0997768337057231,0.5629777211062235
0,admm_gptq,task_norm_magnitude,1.0,4,model.decoder.layers.9.self_attn.q_proj,768,768,0.10578273106780935,10.868247555689912,0.48100736619364254,0.03923445109559291
0,admm_gptq,task_norm_magnitude,1.0,4,model.decoder.layers.9.self_attn.out_proj,768,768,0.17035594289500125,0.00195390066085265,0.043861757740620975,1.4950362448070267
0,admm_gptq,task_norm_magnitude,1.0,4,model.decoder.layers.9.fc1,768,3072,0.0704149399282695,0.14722112393416495,0.12008643673416453,1.2075913027275573
0,admm_gptq,task_norm_magnitude,1.0,4,model.decoder.layers.9.fc2,3072,768,0.37538905199381795,1.624201945178184e-05,0.02846017883408087,15.629338262107844
0,admm_gptq,task_norm_magnitude,1.0,4,model.decoder.layers.10.self_attn.k_proj,768,768,0.12430024830541075,14.737889895089747,0.5675874374696339,0.03316743069889275
0,admm_gptq,task_norm_magnitude,1.0,4,model.decoder.layers.10.self_attn.v_proj,768,768,0.16232438267898852,0.10540623932126837,0.06778041658124481,0.6640701305079567
0,admm_gptq,task_norm_magnitude,1.0,4,model.decoder.layers.10.self_attn.q_proj,768,768,0.11364035813919005,11.867026774345478,0.5496209320525702,0.04115290231412618
0,admm_gptq,task_norm_magnitude,1.0,4,model.decoder.layers.10.self_attn.out_proj,768,768,0.17803992891740705,0.00045861766438633217,0.03450348070910605,2.3527121011852405
0,admm_gptq,task_norm_magnitude,1.0,4,model.decoder.layers.10.fc1,768,3072,0.07388688960213187,0.14473810085930156,0.09871407657103849,1.3977584693545972
0,admm_gptq,task_norm_magnitude,1.0,4,model.decoder.layers.10.fc2,3072,768,0.3877623565537093,0.0001459239602948094,0.053774507523125806,5.679673377676358
0,admm_gptq,task_norm_magnitude,1.0,4,model.decoder.layers.11.self_attn.k_proj,768,768,0.13461282226117557,12.813552738769513,0.5196132910330165,0.03419248072767097
0,admm_gptq,task_norm_magnitude,1.0,4,model.decoder.layers.11.self_attn.v_proj,768,768,0.1478142796363346,0.6005572552550127,0.15252008722286262,0.27863363700542415
0,admm_gptq,task_norm_magnitude,1.0,4,model.decoder.layers.11.self_attn.q_proj,768,768,0.11809346750583884,10.886886940310168,0.5124591111596194,0.04057418009185643
0,admm_gptq,task_norm_magnitude,1.0,4,model.decoder.layers.11.self_attn.out_proj,768,768,0.19812438105983932,0.058862692809733566,0.08403625837468914,1.0763593106251517
0,admm_gptq,task_norm_magnitude,1.0,4,model.decoder.layers.11.fc1,768,3072,0.08366333254198353,0.26138372471489113,0.08513762383661685,0.6553506962151233
0,admm_gptq,task_norm_magnitude,1.0,4,model.decoder.layers.11.fc2,3072,768,0.16456280731445436,0.003926155326052872,0.08500702947462965,1.7931438688195378
0,admm_gptq,task_norm_magnitude,1.0,4,lm_head,768,50272,0.04925945520207301,84.46685971807011,3.417078159321684,0.03046184292796859
1,gptq_proxy,,,4,model.decoder.layers.0.self_attn.k_proj,768,768,0.09874112913505939,,,
1,gptq_proxy,,,4,model.decoder.layers.0.self_attn.v_proj,768,768,0.14888266105938655,,,
1,gptq_proxy,,,4,model.decoder.layers.0.self_attn.q_proj,768,768,0.09458275416992606,,,
1,gptq_proxy,,,4,model.decoder.layers.0.self_attn.out_proj,768,768,0.08497309759881091,,,
1,gptq_proxy,,,4,model.decoder.layers.0.fc1,768,3072,0.05735005466739788,,,
1,gptq_proxy,,,4,model.decoder.layers.0.fc2,3072,768,0.07095805565239607,,,
1,gptq_proxy,,,4,model.decoder.layers.1.self_attn.k_proj,768,768,0.08871842893348345,,,
1,gptq_proxy,,,4,model.decoder.layers.1.self_attn.v_proj,768,768,0.14513395487810488,,,
1,gptq_proxy,,,4,model.decoder.layers.1.self_attn.q_proj,768,768,0.10294207368685485,,,
1,gptq_proxy,,,4,model.decoder.layers.1.self_attn.out_proj,768,768,0.12430089055031886,,,
1,gptq_proxy,,,4,model.decoder.layers.1.fc1,768,3072,0.06843721204795825,,,
1,gptq_proxy,,,4,model.decoder.layers.1.fc2,3072,768,0.14055139826535157,,,
1,gptq_proxy,,,4,model.decoder.layers.2.self_attn.k_proj,768,768,0.09650845219311514,,,
1,gptq_proxy,,,4,model.decoder.layers.2.self_attn.v_proj,768,768,0.13918506859106125,,,
1,gptq_proxy,,,4,model.decoder.layers.2.self_attn.q_proj,768,768,0.09443694644285061,,,
1,gptq_proxy,,,4,model.decoder.layers.2.self_attn.out_proj,768,768,0.15471437853987718,,,
1,gptq_proxy,,,4,model.decoder.layers.2.fc1,768,3072,0.08384348541509648,,,
1,gptq_proxy,,,4,model.decoder.layers.2.fc2,3072,768,0.05115666626709486,,,
1,gptq_proxy,,,4,model.decoder.layers.3.self_attn.k_proj,768,768,0.05908872983090558,,,
1,gptq_proxy,,,4,model.decoder.layers.3.self_attn.v_proj,768,768,0.13178214412952985,,,
1,gptq_proxy,,,4,model.decoder.layers.3.self_attn.q_proj,768,768,0.06316445742437558,,,
1,gptq_proxy,,,4,model.decoder.layers.3.self_attn.out_proj,768,768,0.1411796406172869,,,
1,gptq_proxy,,,4,model.decoder.layers.3.fc1,768,3072,0.0693134113393754,,,
1,gptq_proxy,,,4,model.decoder.layers.3.fc2,3072,768,0.14966564953318934,,,
1,gptq_proxy,,,4,model.decoder.layers.4.self_attn.k_proj,768,768,0.06960161581066615,,,
1,gptq_proxy,,,4,model.decoder.layers.4.self_attn.v_proj,768,768,0.13695544831991646,,,
1,gptq_proxy,,,4,model.decoder.layers.4.self_attn.q_proj,768,768,0.0768373438390079,,,
1,gptq_proxy,,,4,model.decoder.layers.4.self_attn.out_proj,768,768,0.13071391047658065,,,
1,gptq_proxy,,,4,model.decoder.layers.4.fc1,768,3072,0.06173980948504298,,,
1,gptq_proxy,,,4,model.decoder.layers.4.fc2,3072,768,0.21008820219103205,,,
1,gptq_proxy,,,4,model.decoder.layers.5.self_attn.k_proj,768,768,0.07554678779092504,,,
1,gptq_proxy,,,4,model.decoder.layers.5.self_attn.v_proj,768,768,0.14871270882060816,,,
1,gptq_proxy,,,4,model.decoder.layers.5.self_attn.q_proj,768,768,0.07925391634514359,,,
1,gptq_proxy,,,4,model.decoder.layers.5.self_attn.out_proj,768,768,0.14618726979113256,,,
1,gptq_proxy,,,4,model.decoder.layers.5.fc1,768,3072,0.06777822587258123,,,
1,gptq_proxy,,,4,model.decoder.layers.5.fc2,3072,768,0.3528250774321181,,,
1,gptq_proxy,,,4,model.decoder.layers.6.self_attn.k_proj,768,768,0.08362409090635042,,,
1,gptq_proxy,,,4,model.decoder.layers.6.self_attn.v_proj,768,768,0.15293905174005232,,,
1,gptq_proxy,,,4,model.decoder.layers.6.self_attn.q_proj,768,768,0.08509013316622314,,,
1,gptq_proxy,,,4,model.decoder.layers.6.self_attn.out_proj,768,768,0.1392710416511508,,,
1,gptq_proxy,,,4,model.decoder.layers.6.fc1,768,3072,0.08443691247701034,,,
1,gptq_proxy,,,4,model.decoder.layers.6.fc2,3072,768,0.36218514525338735,,,
1,gptq_proxy,,,4,model.decoder.layers.7.self_attn.k_proj,768,768,0.11333031841719732,,,
1,gptq_proxy,,,4,model.decoder.layers.7.self_attn.v_proj,768,768,0.16137459127295248,,,
1,gptq_proxy,,,4,model.decoder.layers.7.self_attn.q_proj,768,768,0.12298763724207518,,,
1,gptq_proxy,,,4,model.decoder.layers.7.self_attn.out_proj,768,768,0.15567810832780923,,,
1,gptq_proxy,,,4,model.decoder.layers.7.fc1,768,3072,0.08282996676599672,,,
1,gptq_proxy,,,4,model.decoder.layers.7.fc2,3072,768,0.31614881681331386,,,
1,gptq_proxy,,,4,model.decoder.layers.8.self_attn.k_proj,768,768,0.1279168536590556,,,
1,gptq_proxy,,,4,model.decoder.layers.8.self_attn.v_proj,768,768,0.1938619657005311,,,
1,gptq_proxy,,,4,model.decoder.layers.8.self_attn.q_proj,768,768,0.13631570882350544,,,
1,gptq_proxy,,,4,model.decoder.layers.8.self_attn.out_proj,768,768,0.13170786504636295,,,
1,gptq_proxy,,,4,model.decoder.layers.8.fc1,768,3072,0.0742328693547351,,,
1,gptq_proxy,,,4,model.decoder.layers.8.fc2,3072,768,0.318407954169257,,,
1,gptq_proxy,,,4,model.decoder.layers.9.self_attn.k_proj,768,768,0.1488050420946745,,,
1,gptq_proxy,,,4,model.decoder.layers.9.self_attn.v_proj,768,768,0.1877669964695928,,,
1,gptq_proxy,,,4,model.decoder.layers.9.self_attn.q_proj,768,768,0.16024919555798628,,,
1,gptq_proxy,,,4,model.decoder.layers.9.self_attn.out_proj,768,768,0.12310011024256272,,,
1,gptq_proxy,,,4,model.decoder.layers.9.fc1,768,3072,0.06497306969516962,,,
1,gptq_proxy,,,4,model.decoder.layers.9.fc2,3072,768,0.26825855959471767,,,
1,gptq_proxy,,,4,model.decoder.layers.10.self_attn.k_proj,768,768,0.13613161109884075,,,
1,gptq_proxy,,,4,model.decoder.layers.10.self_attn.v_proj,768,768,0.17961034019485475,,,
1,gptq_proxy,,,4,model.decoder.layers.10.self_attn.q_proj,768,768,0.12862826525201915,,,
1,gptq_proxy,,,4,model.decoder.layers.10.self_attn.out_proj,768,768,0.1353944021593324,,,
1,gptq_proxy,,,4,model.decoder.layers.10.fc1,768,3072,0.061314738763364345,,,
1,gptq_proxy,,,4,model.decoder.layers.10.fc2,3072,768,0.27322058578642794,,,
1,gptq_proxy,,,4,model.decoder.layers.11.self_attn.k_proj,768,768,0.14381146369802655,,,
1,gptq_proxy,,,4,model.decoder.layers.11.self_attn.v_proj,768,768,0.18105597896681122,,,
1,gptq_proxy,,,4,model.decoder.layers.11.self_attn.q_proj,768,768,0.13275846059624166,,,
1,gptq_proxy,,,4,model.decoder.layers.11.self_attn.out_proj,768,768,0.12860090028865023,,,
1,gptq_proxy,,,4,model.decoder.layers.11.fc1,768,3072,0.06813735364211478,,,
1,gptq_proxy,,,4,model.decoder.layers.11.fc2,3072,768,0.10971685701809097,,,
1,gptq_proxy,,,4,lm_head,768,50272,0.045067210881366934,,,
1,awq_proxy,,,4,model.decoder.layers.0.self_attn.k_proj,768,768,0.11186790138149415,,,
1,awq_proxy,,,4,model.decoder.layers.0.self_attn.v_proj,768,768,0.16992687907641066,,,
1,awq_proxy,,,4,model.decoder.layers.0.self_attn.q_proj,768,768,0.10632764931785026,,,
1,awq_proxy,,,4,model.decoder.layers.0.self_attn.out_proj,768,768,0.1097362186081553,,,
1,awq_proxy,,,4,model.decoder.layers.0.fc1,768,3072,0.07152678682048981,,,
1,awq_proxy,,,4,model.decoder.layers.0.fc2,3072,768,0.10138814648268779,,,
1,awq_proxy,,,4,model.decoder.layers.1.self_attn.k_proj,768,768,0.08918017695658721,,,
1,awq_proxy,,,4,model.decoder.layers.1.self_attn.v_proj,768,768,0.13956682681471383,,,
1,awq_proxy,,,4,model.decoder.layers.1.self_attn.q_proj,768,768,0.10630060583802693,,,
1,awq_proxy,,,4,model.decoder.layers.1.self_attn.out_proj,768,768,0.16788469590740365,,,
1,awq_proxy,,,4,model.decoder.layers.1.fc1,768,3072,0.07685674513263072,,,
1,awq_proxy,,,4,model.decoder.layers.1.fc2,3072,768,0.12225790899303984,,,
1,awq_proxy,,,4,model.decoder.layers.2.self_attn.k_proj,768,768,0.13941725691773013,,,
1,awq_proxy,,,4,model.decoder.layers.2.self_attn.v_proj,768,768,0.13965470579679062,,,
1,awq_proxy,,,4,model.decoder.layers.2.self_attn.q_proj,768,768,0.13805396907475506,,,
1,awq_proxy,,,4,model.decoder.layers.2.self_attn.out_proj,768,768,0.20559515025117736,,,
1,awq_proxy,,,4,model.decoder.layers.2.fc1,768,3072,0.08491029203262426,,,
1,awq_proxy,,,4,model.decoder.layers.2.fc2,3072,768,0.05735471904974167,,,
1,awq_proxy,,,4,model.decoder.layers.3.self_attn.k_proj,768,768,0.0974538476498832,,,
1,awq_proxy,,,4,model.decoder.layers.3.self_attn.v_proj,768,768,0.1512036429730243,,,
1,awq_proxy,,,4,model.decoder.layers.3.self_attn.q_proj,768,768,0.10171302640165823,,,
1,awq_proxy,,,4,model.decoder.layers.3.self_attn.out_proj,768,768,0.17533850348737112,,,
1,awq_proxy,,,4,model.decoder.layers.3.fc1,768,3072,0.059332002304082046,,,
1,awq_proxy,,,4,model.decoder.layers.3.fc2,3072,768,0.13548961938617868,,,
1,awq_proxy,,,4,model.decoder.layers.4.self_attn.k_proj,768,768,0.09936545137420337,,,
1,awq_proxy,,,4,model.decoder.layers.4.self_attn.v_proj,768,768,0.14327638854918961,,,
1,awq_proxy,,,4,model.decoder.layers.4.self_attn.q_proj,768,768,0.10950105475897762,,,
1,awq_proxy,,,4,model.decoder.layers.4.self_attn.out_proj,768,768,0.16137951015578608,,,
1,awq_proxy,,,4,model.decoder.layers.4.fc1,768,3072,0.06067104093703914,,,
1,awq_proxy,,,4,model.decoder.layers.4.fc2,3072,768,0.16098232894050768,,,
1,awq_proxy,,,4,model.decoder.layers.5.self_attn.k_proj,768,768,0.09578626115651542,,,
1,awq_proxy,,,4,model.decoder.layers.5.self_attn.v_proj,768,768,0.14841326299765972,,,
1,awq_proxy,,,4,model.decoder.layers.5.self_attn.q_proj,768,768,0.10415353454989651,,,
1,awq_proxy,,,4,model.decoder.layers.5.self_attn.out_proj,768,768,0.1748590651046767,,,
1,awq_proxy,,,4,model.decoder.layers.5.fc1,768,3072,0.06093265614573029,,,
1,awq_proxy,,,4,model.decoder.layers.5.fc2,3072,768,0.24910858951394438,,,
1,awq_proxy,,,4,model.decoder.layers.6.self_attn.k_proj,768,768,0.09752580152135168,,,
1,awq_proxy,,,4,model.decoder.layers.6.self_attn.v_proj,768,768,0.14762788845081082,,,
1,awq_proxy,,,4,model.decoder.layers.6.self_attn.q_proj,768,768,0.10322009167101094,,,
1,awq_proxy,,,4,model.decoder.layers.6.self_attn.out_proj,768,768,0.16033156466888884,,,
1,awq_proxy,,,4,model.decoder.layers.6.fc1,768,3072,0.06590601603394287,,,
1,awq_proxy,,,4,model.decoder.layers.6.fc2,3072,768,0.2743704430848754,,,
1,awq_proxy,,,4,model.decoder.layers.7.self_attn.k_proj,768,768,0.10278071521912507,,,
1,awq_proxy,,,4,model.decoder.layers.7.self_attn.v_proj,768,768,0.14454564141391768,,,
1,awq_proxy,,,4,model.decoder.layers.7.self_attn.q_proj,768,768,0.11027419686386669,,,
1,awq_proxy,,,4,model.decoder.layers.7.self_attn.out_proj,768,768,0.19873393290046004,,,
1,awq_proxy,,,4,model.decoder.layers.7.fc1,768,3072,0.06640673912682667,,,
1,awq_proxy,,,4,model.decoder.layers.7.fc2,3072,768,0.25786280173572296,,,
1,awq_proxy,,,4,model.decoder.layers.8.self_attn.k_proj,768,768,0.11002950738735125,,,
1,awq_proxy,,,4,model.decoder.layers.8.self_attn.v_proj,768,768,0.15570159706139738,,,
1,awq_proxy,,,4,model.decoder.layers.8.self_attn.q_proj,768,768,0.11234035397182647,,,
1,awq_proxy,,,4,model.decoder.layers.8.self_attn.out_proj,768,768,0.1666352867584267,,,
1,awq_proxy,,,4,model.decoder.layers.8.fc1,768,3072,0.06573065790740716,,,
1,awq_proxy,,,4,model.decoder.layers.8.fc2,3072,768,0.27720269185051105,,,
1,awq_proxy,,,4,model.decoder.layers.9.self_attn.k_proj,768,768,0.11199791830631495,,,
1,awq_proxy,,,4,model.decoder.layers.9.self_attn.v_proj,768,768,0.15492637952720673,,,
1,awq_proxy,,,4,model.decoder.layers.9.self_attn.q_proj,768,768,0.11902548678909874,,,
1,awq_proxy,,,4,model.decoder.layers.9.self_attn.out_proj,768,768,0.16099171699014997,,,
1,awq_proxy,,,4,model.decoder.layers.9.fc1,768,3072,0.06790148763156757,,,
1,awq_proxy,,,4,model.decoder.layers.9.fc2,3072,768,0.2601674667225385,,,
1,awq_proxy,,,4,model.decoder.layers.10.self_attn.k_proj,768,768,0.12525773556886993,,,
1,awq_proxy,,,4,model.decoder.layers.10.self_attn.v_proj,768,768,0.16644478289333922,,,
1,awq_proxy,,,4,model.decoder.layers.10.self_attn.q_proj,768,768,0.11969883118431421,,,
1,awq_proxy,,,4,model.decoder.layers.10.self_attn.out_proj,768,768,0.16651389601033995,,,
1,awq_proxy,,,4,model.decoder.layers.10.fc1,768,3072,0.06823132835454372,,,
1,awq_proxy,,,4,model.decoder.layers.10.fc2,3072,768,0.29259729119961814,,,
1,awq_proxy,,,4,model.decoder.layers.11.self_attn.k_proj,768,768,0.14029125361233705,,,
1,awq_proxy,,,4,model.decoder.layers.11.self_attn.v_proj,768,768,0.18543018473494371,,,
1,awq_proxy,,,4,model.decoder.layers.11.self_attn.q_proj,768,768,0.12708049276690989,,,
1,awq_proxy,,,4,model.decoder.layers.11.self_attn.out_proj,768,768,0.1750119119216645,,,
1,awq_proxy,,,4,model.decoder.layers.11.fc1,768,3072,0.08714866827301199,,,
1,awq_proxy,,,4,model.decoder.layers.11.fc2,3072,768,0.12490412455739358,,,
1,awq_proxy,,,4,lm_head,768,50272,0.05550229213974365,,,
1,admm_gptq,task_norm_magnitude,1.0,4,model.decoder.layers.0.self_attn.k_proj,768,768,0.09121521468648106,2.7511800488300193,0.24090060193591717,0.09334095348101872
1,admm_gptq,task_norm_magnitude,1.0,4,model.decoder.layers.0.self_attn.v_proj,768,768,0.1824823202745768,0.03173593367293879,0.05344139267167319,1.2581756752692566
1,admm_gptq,task_norm_magnitude,1.0,4,model.decoder.layers.0.self_attn.q_proj,768,768,0.09084344204923207,2.0143976540862076,0.2202412615768043,0.11730614543131661
1,admm_gptq,task_norm_magnitude,1.0,4,model.decoder.layers.0.self_attn.out_proj,768,768,0.11078229862570294,0.00014171666417891953,0.024924576736976446,4.441207877121007
1,admm_gptq,task_norm_magnitude,1.0,4,model.decoder.layers.0.fc1,768,3072,0.07870614088154983,0.2082672381882005,0.20510990893652223,1.0068601020011831
1,admm_gptq,task_norm_magnitude,1.0,4,model.decoder.layers.0.fc2,3072,768,0.1018796021776493,0.0005603928455631765,0.05702539978253519,2.339304454048266
1,admm_gptq,task_norm_magnitude,1.0,4,model.decoder.layers.1.self_attn.k_proj,768,768,0.08141220495401522,0.7517175082371607,0.13746263344357884,0.22094879742015525
1,admm_gptq,task_norm_magnitude,1.0,4,model.decoder.layers.1.self_attn.v_proj,768,768,0.14575308963504843,0.011739139445136673,0.03246253096845585,1.338117197755271
1,admm_gptq,task_norm_magnitude,1.0,4,model.decoder.layers.1.self_attn.q_proj,768,768,0.09837856201650093,0.685161427878457,0.14207785895522226,0.25090191307182963
1,admm_gptq,task_norm_magnitude,1.0,4,model.decoder.layers.1.self_attn.out_proj,768,768,0.171004629089987,2.150726464090649e-06,0.009157211535849965,22.8566632139112
1,admm_gptq,task_norm_magnitude,1.0,4,model.decoder.layers.1.fc1,768,3072,0.08866401815755298,0.3278650207573902,0.18685974636062547,0.6696466805800491
1,admm_gptq,task_norm_magnitude,1.0,4,model.decoder.layers.1.fc2,3072,768,0.1874474584476455,5.980089007716619e-06,0.006320985282037566,39.87797289833099
1,admm_gptq,task_norm_magnitude,1.0,4,model.decoder.layers.2.self_attn.k_proj,768,768,0.0797658837629115,3.2750697470674206,0.21395238589422386,0.07308924201572162
1,admm_gptq,task_norm_magnitude,1.0,4,model.decoder.layers.2.self_attn.v_proj,768,768,0.16478840213877688,0.1001197185909179,0.08079258612690046,0.9713394490745716
1,admm_gptq,task_norm_magnitude,1.0,4,model.decoder.layers.2.self_attn.q_proj,768,768,0.08183394605666,2.4731984681478587,0.18572701250198606,0.08620897407016183
1,admm_gptq,task_norm_magnitude,1.0,4,model.decoder.layers.2.self_attn.out_proj,768,768,0.21738244408239807,1.3026729004072776e-05,0.019173689322809623,6.849402313172367
1,admm_gptq,task_norm_magnitude,1.0,4,model.decoder.layers.2.fc1,768,3072,0.07574333003693794,0.3740476595468391,0.2423374334352105,0.6870520312674661
1,admm_gptq,task_norm_magnitude,1.0,4,model.decoder.layers.2.fc2,3072,768,0.06564608819961171,8.745195023633482e-06,0.02927900637830557,9.223206585788136
1,admm_gptq,task_norm_magnitude,1.0,4,model.decoder.layers.3.self_attn.k_proj,768,768,0.05716997337680574,1.2183157318322095,0.10821881119997367,0.10909237706758114
1,admm_gptq,task_norm_magnitude,1.0,4,model.decoder.layers.3.self_attn.v_proj,768,768,0.1733816170782478,0.08077764562257249,0.07502979062611755,1.1893363612308583
1,admm_gptq,task_norm_magnitude,1.0,4,model.decoder.layers.3.self_attn.q_proj,768,768,0.061299497886848554,1.2257199157201326,0.113085714075483,0.11399034024553263
1,admm_gptq,task_norm_magnitude,1.0,4,model.decoder.layers.3.self_attn.out_proj,768,768,0.19118124573120715,2.1517351528001523e-06,0.008351947526453416,27.53171903242436
1,admm_gptq,task_norm_magnitude,1.0,4,model.decoder.layers.3.fc1,768,3072,0.05996478558481448,0.25524826451255556,0.27801917734809717,0.9407879963530179
1,admm_gptq,task_norm_magnitude,1.0,4,model.decoder.layers.3.fc2,3072,768,0.19131114960684323,4.853272284649309e-06,0.013680139188768205,36.45704364805954
1,admm_gptq,task_norm_magnitude,1.0,4,model.decoder.layers.4.self_attn.k_proj,768,768,0.059938448012968805,5.4468391281611925,0.33520682866477214,0.0633113763783187
1,admm_gptq,task_norm_magnitude,1.0,4,model.decoder.layers.4.self_attn.v_proj,768,768,0.16268570223970386,0.10550845247092634,0.08532361011595792,1.0243078799973317
1,admm_gptq,task_norm_magnitude,1.0,4,model.decoder.layers.4.self_attn.q_proj,768,768,0.06560026050421128,4.588760676736356,0.3023330085897125,0.06836174036679389
1,admm_gptq,task_norm_magnitude,1.0,4,model.decoder.layers.4.self_attn.out_proj,768,768,0.16719809801108734,5.1805013480311225e-06,0.013351306277594836,12.353430658642573
1,admm_gptq,task_norm_magnitude,1.0,4,model.decoder.layers.4.fc1,768,3072,0.05893785194042423,0.17015690280016038,0.12869257594101766,1.1281950254844548
1,admm_gptq,task_norm_magnitude,1.0,4,model.decoder.layers.4.fc2,3072,768,0.28614535108509476,6.1271384121299e-06,0.002384477639577406,39.87797289833099
1,admm_gptq,task_norm_magnitude,1.0,4,model.decoder.layers.5.self_attn.k_proj,768,768,0.06362008352848311,7.964238823433506,0.4461947126828948,0.056200969190682924
1,admm_gptq,task_norm_magnitude,1.0,4,model.decoder.layers.5.self_attn.v_proj,768,768,0.16752255180304365,0.12120544758423821,0.09683004670221018,0.8668036645797699
1,admm_gptq,task_norm_magnitude,1.0,4,model.decoder.layers.5.self_attn.q_proj,768,768,0.06666649666427521,6.894288350009439,0.4076296958157488,0.059754250128561504
1,admm_gptq,task_norm_magnitude,1.0,4,model.decoder.layers.5.self_attn.out_proj,768,768,0.19383604056364748,2.9632956709481397e-06,0.01123067365258025,18.09898902983366
1,admm_gptq,task_norm_magnitude,1.0,4,model.decoder.layers.5.fc1,768,3072,0.06794885545117965,0.1698034301225556,0.10849447918225538,1.1016846419906374
1,admm_gptq,task_norm_magnitude,1.0,4,model.decoder.layers.5.fc2,3072,768,0.49067738444182046,6.2439672751099515e-06,0.004659987986280558,39.87797289833099
1,admm_gptq,task_norm_magnitude,1.0,4,model.decoder.layers.6.self_attn.k_proj,768,768,0.06901444662069593,10.959751013279012,0.5390745088669129,0.047668164631940436
1,admm_gptq,task_norm_magnitude,1.0,4,model.decoder.layers.6.self_attn.v_proj,768,768,0.16391799185637318,0.11288992113124731,0.09798335515960221,0.7899099952654024
1,admm_gptq,task_norm_magnitude,1.0,4,model.decoder.layers.6.self_attn.q_proj,768,768,0.0701116710807061,7.846805782768821,0.47096898138549076,0.059782091553140626
1,admm_gptq,task_norm_magnitude,1.0,4,model.decoder.layers.6.self_attn.out_proj,768,768,0.1792114077307311,4.8883416801137806e-05,0.022515029175677805,6.135890799669605
1,admm_gptq,task_norm_magnitude,1.0,4,model.decoder.layers.6.fc1,768,3072,0.07293668414691884,0.257753481035967,0.16900344453738939,0.7504492543945199
1,admm_gptq,task_norm_magnitude,1.0,4,model.decoder.layers.6.fc2,3072,768,0.4788893209848874,1.2012622179004416e-05,0.027280720562138004,16.523583475130774
1,admm_gptq,task_norm_magnitude,1.0,4,model.decoder.layers.7.self_attn.k_proj,768,768,0.08237220713320113,12.061740989727456,0.5261316798511123,0.040181467054221154
1,admm_gptq,task_norm_magnitude,1.0,4,model.decoder.layers.7.self_attn.v_proj,768,768,0.1471542686574763,0.10432557611691454,0.08880725509286921,0.8809391370909565
1,admm_gptq,task_norm_magnitude,1.0,4,model.decoder.layers.7.self_attn.q_proj,768,768,0.08500352012085856,10.440344508546701,0.5194122162051017,0.04673208363769855
1,admm_gptq,task_norm_magnitude,1.0,4,model.decoder.layers.7.self_attn.out_proj,768,768,0.216283542979194,0.0007204005299620525,0.04366946770263413,1.887156457361176
1,admm_gptq,task_norm_magnitude,1.0,4,model.decoder.layers.7.fc1,768,3072,0.07174100344103022,0.28611652471312327,0.2019535681274677,0.7404771982940176
1,admm_gptq,task_norm_magnitude,1.0,4,model.decoder.layers.7.fc2,3072,768,0.438407840162096,6.465350080712299e-06,0.010562066305045869,39.87797289833099
1,admm_gptq,task_norm_magnitude,1.0,4,model.decoder.layers.8.self_attn.k_proj,768,768,0.09328013694443726,12.462193804231212,0.4992323807300425,0.03562824873924732
1,admm_gptq,task_norm_magnitude,1.0,4,model.decoder.layers.8.self_attn.v_proj,768,768,0.1542969881656952,0.1872651298076153,0.09812141197999989,0.53757772271638
1,admm_gptq,task_norm_magnitude,1.0,4,model.decoder.layers.8.self_attn.q_proj,768,768,0.09287630642513682,11.136968453997698,0.4952160758176304,0.04031922784744349
1,admm_gptq,task_norm_magnitude,1.0,4,model.decoder.layers.8.self_attn.out_proj,768,768,0.17572344417347688,0.00040208740907658026,0.03823774118934421,1.8677195304896872
1,admm_gptq,task_norm_magnitude,1.0,4,model.decoder.layers.8.fc1,768,3072,0.06870561124356846,0.2353720359308831,0.18511038040767133,0.9090044837304811
1,admm_gptq,task_norm_magnitude,1.0,4,model.decoder.layers.8.fc2,3072,768,0.4474210713475851,9.48968483388271e-06,0.02183864931045243,22.2335905042199
1,admm_gptq,task_norm_magnitude,1.0,4,model.decoder.layers.9.self_attn.k_proj,768,768,0.10220155319456152,12.538028092074853,0.501911038865936,0.03500345256066248
1,admm_gptq,task_norm_magnitude,1.0,4,model.decoder.layers.9.self_attn.v_proj,768,768,0.14736119226576522,0.10868618551213317,0.06956642215379638,0.6064628507469264
1,admm_gptq,task_norm_magnitude,1.0,4,model.decoder.layers.9.self_attn.q_proj,768,768,0.10518844754207074,10.905749465261236,0.48391498843921854,0.0393845387609671
1,admm_gptq,task_norm_magnitude,1.0,4,model.decoder.layers.9.self_attn.out_proj,768,768,0.1707071505225274,0.0019434468967394214,0.04366300249548409,1.4994734851027895
1,admm_gptq,task_norm_magnitude,1.0,4,model.decoder.layers.9.fc1,768,3072,0.07055474965355046,0.1473759791737913,0.12374727628375781,1.2279416969591423
1,admm_gptq,task_norm_magnitude,1.0,4,model.decoder.layers.9.fc2,3072,768,0.37577663831791347,1.6490572024877494e-05,0.028551651845727066,15.50054713052153
1,admm_gptq,task_norm_magnitude,1.0,4,model.decoder.layers.10.self_attn.k_proj,768,768,0.12291982242668022,14.557562388012528,0.5590009064627167,0.03313268412152339
1,admm_gptq,task_norm_magnitude,1.0,4,model.decoder.layers.10.self_attn.v_proj,768,768,0.16185266719153948,0.09891287540161277,0.06225712562836045,0.6600629288989867
1,admm_gptq,task_norm_magnitude,1.0,4,model.decoder.layers.10.self_attn.q_proj,768,768,0.11404476353059007,11.904991423807243,0.5542645819130512,0.04149519004508609
1,admm_gptq,task_norm_magnitude,1.0,4,model.decoder.layers.10.self_attn.out_proj,768,768,0.1781613003032361,0.0004662098275384331,0.034672618886574004,2.3709989899337476
1,admm_gptq,task_norm_magnitude,1.0,4,model.decoder.layers.10.fc1,768,3072,0.07388808038308463,0.14782149086259583,0.1066012057778094,1.4042581511984782
1,admm_gptq,task_norm_magnitude,1.0,4,model.decoder.layers.10.fc2,3072,768,0.3876329820713205,0.00014497475013110765,0.053909749031127704,5.563740715416296
1,admm_gptq,task_norm_magnitude,1.0,4,model.decoder.layers.11.self_attn.k_proj,768,768,0.1330989024820077,12.836569902261061,0.5185099934993357,0.0340281345654632
1,admm_gptq,task_norm_magnitude,1.0,4,model.decoder.layers.11.self_attn.v_proj,768,768,0.14797702203836627,0.5926629203836709,0.15111585250777196,0.27987232409697915
1,admm_gptq,task_norm_magnitude,1.0,4,model.decoder.layers.11.self_attn.q_proj,768,768,0.11689276834299546,10.86211394753796,0.5142242518858008,0.040896834354529156
1,admm_gptq,task_norm_magnitude,1.0,4,model.decoder.layers.11.self_attn.out_proj,768,768,0.19949570256215501,0.007397116608131511,0.053905645517032544,1.0383267456698377
1,admm_gptq,task_norm_magnitude,1.0,4,model.decoder.layers.11.fc1,768,3072,0.08331438941632371,0.3709007162689293,0.14094245535741048,0.530388814180724
1,admm_gptq,task_norm_magnitude,1.0,4,model.decoder.layers.11.fc2,3072,768,0.1648747073529148,0.003842447565620932,0.0851668114902113,1.8091237479488365
1,admm_gptq,task_norm_magnitude,1.0,4,lm_head,768,50272,0.04878780755980966,83.79643943346144,3.40142597989421,0.030456039086675483
2,gptq_proxy,,,4,model.decoder.layers.0.self_attn.k_proj,768,768,0.0988635630366311,,,
2,gptq_proxy,,,4,model.decoder.layers.0.self_attn.v_proj,768,768,0.15119345041356047,,,
2,gptq_proxy,,,4,model.decoder.layers.0.self_attn.q_proj,768,768,0.09422724783847175,,,
2,gptq_proxy,,,4,model.decoder.layers.0.self_attn.out_proj,768,768,0.08185236239534842,,,
2,gptq_proxy,,,4,model.decoder.layers.0.fc1,768,3072,0.05762582193006929,,,
2,gptq_proxy,,,4,model.decoder.layers.0.fc2,3072,768,0.06989931990959342,,,
2,gptq_proxy,,,4,model.decoder.layers.1.self_attn.k_proj,768,768,0.08690549474520733,,,
2,gptq_proxy,,,4,model.decoder.layers.1.self_attn.v_proj,768,768,0.14485415583999386,,,
2,gptq_proxy,,,4,model.decoder.layers.1.self_attn.q_proj,768,768,0.10407112775122287,,,
2,gptq_proxy,,,4,model.decoder.layers.1.self_attn.out_proj,768,768,0.12723833974615942,,,
2,gptq_proxy,,,4,model.decoder.layers.1.fc1,768,3072,0.06912379365010898,,,
2,gptq_proxy,,,4,model.decoder.layers.1.fc2,3072,768,0.14175954281380415,,,
2,gptq_proxy,,,4,model.decoder.layers.2.self_attn.k_proj,768,768,0.09627420367885284,,,
2,gptq_proxy,,,4,model.decoder.layers.2.self_attn.v_proj,768,768,0.13833561250943632,,,
2,gptq_proxy,,,4,model.decoder.layers.2.self_attn.q_proj,768,768,0.0940537561645034,,,
2,gptq_proxy,,,4,model.decoder.layers.2.self_attn.out_proj,768,768,0.15318947869968474,,,
2,gptq_proxy,,,4,model.decoder.layers.2.fc1,768,3072,0.08092899051010972,,,
2,gptq_proxy,,,4,model.decoder.layers.2.fc2,3072,768,0.0511304317570229,,,
2,gptq_proxy,,,4,model.decoder.layers.3.self_attn.k_proj,768,768,0.059144583259911364,,,
2,gptq_proxy,,,4,model.decoder.layers.3.self_attn.v_proj,768,768,0.13221917221756235,,,
2,gptq_proxy,,,4,model.decoder.layers.3.self_attn.q_proj,768,768,0.06344598266389552,,,
2,gptq_proxy,,,4,model.decoder.layers.3.self_attn.out_proj,768,768,0.14161668746637118,,,
2,gptq_proxy,,,4,model.decoder.layers.3.fc1,768,3072,0.0695408774964966,,,
2,gptq_proxy,,,4,model.decoder.layers.3.fc2,3072,768,0.14925891602581945,,,
2,gptq_proxy,,,4,model.decoder.layers.4.self_attn.k_proj,768,768,0.06987301218123573,,,
2,gptq_proxy,,,4,model.decoder.layers.4.self_attn.v_proj,768,768,0.13579892979168,,,
2,gptq_proxy,,,4,model.decoder.layers.4.self_attn.q_proj,768,768,0.07639378742019927,,,
2,gptq_proxy,,,4,model.decoder.layers.4.self_attn.out_proj,768,768,0.13113865524104434,,,
2,gptq_proxy,,,4,model.decoder.layers.4.fc1,768,3072,0.06245847954158706,,,
2,gptq_proxy,,,4,model.decoder.layers.4.fc2,3072,768,0.2094628887701342,,,
2,gptq_proxy,,,4,model.decoder.layers.5.self_attn.k_proj,768,768,0.07600359933386532,,,
2,gptq_proxy,,,4,model.decoder.layers.5.self_attn.v_proj,768,768,0.1498882365012799,,,
2,gptq_proxy,,,4,model.decoder.layers.5.self_attn.q_proj,768,768,0.07979000090573257,,,
2,gptq_proxy,,,4,model.decoder.layers.5.self_attn.out_proj,768,768,0.1462773088104955,,,
2,gptq_proxy,,,4,model.decoder.layers.5.fc1,768,3072,0.06787722494193728,,,
2,gptq_proxy,,,4,model.decoder.layers.5.fc2,3072,768,0.3522099453037018,,,
2,gptq_proxy,,,4,model.decoder.layers.6.self_attn.k_proj,768,768,0.08243533402043546,,,
2,gptq_proxy,,,4,model.decoder.layers.6.self_attn.v_proj,768,768,0.15436155276629843,,,
2,gptq_proxy,,,4,model.decoder.layers.6.self_attn.q_proj,768,768,0.08476674094410253,,,
2,gptq_proxy,,,4,model.decoder.layers.6.self_attn.out_proj,768,768,0.13831029863120461,,,
2,gptq_proxy,,,4,model.decoder.layers.6.fc1,768,3072,0.08448340111594009,,,
2,gptq_proxy,,,4,model.decoder.layers.6.fc2,3072,768,0.3625888664878716,,,
2,gptq_proxy,,,4,model.decoder.layers.7.self_attn.k_proj,768,768,0.1111486125621393,,,
2,gptq_proxy,,,4,model.decoder.layers.7.self_attn.v_proj,768,768,0.1617025087167062,,,
2,gptq_proxy,,,4,model.decoder.layers.7.self_attn.q_proj,768,768,0.12086739426672968,,,
2,gptq_proxy,,,4,model.decoder.layers.7.self_attn.out_proj,768,768,0.15509749402608208,,,
2,gptq_proxy,,,4,model.decoder.layers.7.fc1,768,3072,0.08254802235758803,,,
2,gptq_proxy,,,4,model.decoder.layers.7.fc2,3072,768,0.31574682711885554,,,
2,gptq_proxy,,,4,model.decoder.layers.8.self_attn.k_proj,768,768,0.12486298805815182,,,
2,gptq_proxy,,,4,model.decoder.layers.8.self_attn.v_proj,768,768,0.19588406119869264,,,
2,gptq_proxy,,,4,model.decoder.layers.8.self_attn.q_proj,768,768,0.1343833936625246,,,
2,gptq_proxy,,,4,model.decoder.layers.8.self_attn.out_proj,768,768,0.13115783164581477,,,
2,gptq_proxy,,,4,model.decoder.layers.8.fc1,768,3072,0.07309053332861608,,,
2,gptq_proxy,,,4,model.decoder.layers.8.fc2,3072,768,0.31669629159219437,,,
2,gptq_proxy,,,4,model.decoder.layers.9.self_attn.k_proj,768,768,0.14719491335989854,,,
2,gptq_proxy,,,4,model.decoder.layers.9.self_attn.v_proj,768,768,0.1831736807093181,,,
2,gptq_proxy,,,4,model.decoder.layers.9.self_attn.q_proj,768,768,0.1556991005294436,,,
2,gptq_proxy,,,4,model.decoder.layers.9.self_attn.out_proj,768,768,0.1238331728147041,,,
2,gptq_proxy,,,4,model.decoder.layers.9.fc1,768,3072,0.06460893738404803,,,
2,gptq_proxy,,,4,model.decoder.layers.9.fc2,3072,768,0.2667063629882802,,,
2,gptq_proxy,,,4,model.decoder.layers.10.self_attn.k_proj,768,768,0.13758018625857185,,,
2,gptq_proxy,,,4,model.decoder.layers.10.self_attn.v_proj,768,768,0.1790555220258305,,,
2,gptq_proxy,,,4,model.decoder.layers.10.self_attn.q_proj,768,768,0.13048912636995236,,,
2,gptq_proxy,,,4,model.decoder.layers.10.self_attn.out_proj,768,768,0.13516242804580542,,,
2,gptq_proxy,,,4,model.decoder.layers.10.fc1,768,3072,0.06093331760542556,,,
2,gptq_proxy,,,4,model.decoder.layers.10.fc2,3072,768,0.2710149436189752,,,
2,gptq_proxy,,,4,model.decoder.layers.11.self_attn.k_proj,768,768,0.14336322088007475,,,
2,gptq_proxy,,,4,model.decoder.layers.11.self_attn.v_proj,768,768,0.18033277191360497,,,
2,gptq_proxy,,,4,model.decoder.layers.11.self_attn.q_proj,768,768,0.1323692932434089,,,
2,gptq_proxy,,,4,model.decoder.layers.11.self_attn.out_proj,768,768,0.1303999654501894,,,
2,gptq_proxy,,,4,model.decoder.layers.11.fc1,768,3072,0.06827504739396834,,,
2,gptq_proxy,,,4,model.decoder.layers.11.fc2,3072,768,0.10988892661249892,,,
2,gptq_proxy,,,4,lm_head,768,50272,0.04490990541457822,,,
2,awq_proxy,,,4,model.decoder.layers.0.self_attn.k_proj,768,768,0.11184911256975025,,,
2,awq_proxy,,,4,model.decoder.layers.0.self_attn.v_proj,768,768,0.1699992246020121,,,
2,awq_proxy,,,4,model.decoder.layers.0.self_attn.q_proj,768,768,0.10634955553341767,,,
2,awq_proxy,,,4,model.decoder.layers.0.self_attn.out_proj,768,768,0.10959385461198635,,,
2,awq_proxy,,,4,model.decoder.layers.0.fc1,768,3072,0.07165534208003353,,,
2,awq_proxy,,,4,model.decoder.layers.0.fc2,3072,768,0.10190613400537499,,,
2,awq_proxy,,,4,model.decoder.layers.1.self_attn.k_proj,768,768,0.08920128148866747,,,
2,awq_proxy,,,4,model.decoder.layers.1.self_attn.v_proj,768,768,0.13945803665700873,,,
2,awq_proxy,,,4,model.decoder.layers.1.self_attn.q_proj,768,768,0.10638452734742224,,,
2,awq_proxy,,,4,model.decoder.layers.1.self_attn.out_proj,768,768,0.1683078172014348,,,
2,awq_proxy,,,4,model.decoder.layers.1.fc1,768,3072,0.07691849805231753,,,
2,awq_proxy,,,4,model.decoder.layers.1.fc2,3072,768,0.12207235251699815,,,
2,awq_proxy,,,4,model.decoder.layers.2.self_attn.k_proj,768,768,0.13950619494899133,,,
2,awq_proxy,,,4,model.decoder.layers.2.self_attn.v_proj,768,768,0.1397693618278857,,,
2,awq_proxy,,,4,model.decoder.layers.2.self_attn.q_proj,768,768,0.1381443110892262,,,
2,awq_proxy,,,4,model.decoder.layers.2.self_attn.out_proj,768,768,0.2067219255310373,,,
2,awq_proxy,,,4,model.decoder.layers.2.fc1,768,3072,0.08479888247593244,,,
2,awq_proxy,,,4,model.decoder.layers.2.fc2,3072,768,0.05744311652043836,,,
2,awq_proxy,,,4,model.decoder.layers.3.self_attn.k_proj,768,768,0.09747584642727707,,,
2,awq_proxy,,,4,model.decoder.layers.3.self_attn.v_proj,768,768,0.1513061737816252,,,
2,awq_proxy,,,4,model.decoder.layers.3.self_attn.q_proj,768,768,0.10167155361846064,,,
2,awq_proxy,,,4,model.decoder.layers.3.self_attn.out_proj,768,768,0.17497327634043838,,,
2,awq_proxy,,,4,model.decoder.layers.3.fc1,768,3072,0.0592579584682772,,,
2,awq_proxy,,,4,model.decoder.layers.3.fc2,3072,768,0.13653094897861232,,,
2,awq_proxy,,,4,model.decoder.layers.4.self_attn.k_proj,768,768,0.09941169325000897,,,
2,awq_proxy,,,4,model.decoder.layers.4.self_attn.v_proj,768,768,0.14356213315586697,,,
2,awq_proxy,,,4,model.decoder.layers.4.self_attn.q_proj,768,768,0.10951772620041703,,,
2,awq_proxy,,,4,model.decoder.layers.4.self_attn.out_proj,768,768,0.1613471694376713,,,
2,awq_proxy,,,4,model.decoder.layers.4.fc1,768,3072,0.06069410432831776,,,
2,awq_proxy,,,4,model.decoder.layers.4.fc2,3072,768,0.1623212846132815,,,
2,awq_proxy,,,4,model.decoder.layers.5.self_attn.k_proj,768,768,0.09577501419042042,,,
2,awq_proxy,,,4,model.decoder.layers.5.self_attn.v_proj,768,768,0.14854449487423133,,,
2,awq_proxy,,,4,model.decoder.layers.5.self_attn.q_proj,768,768,0.1041585155658395,,,
2,awq_proxy,,,4,model.decoder.layers.5.self_attn.out_proj,768,768,0.17485633685615612,,,
2,awq_proxy,,,4,model.decoder.layers.5.fc1,768,3072,0.06091266166016198,,,
2,awq_proxy,,,4,model.decoder.layers.5.fc2,3072,768,0.24950099157976313,,,
2,awq_proxy,,,4,model.decoder.layers.6.self_attn.k_proj,768,768,0.09755317493720457,,,
2,awq_proxy,,,4,model.decoder.layers.6.self_attn.v_proj,768,768,0.14793246700854348,,,
2,awq_proxy,,,4,model.decoder.layers.6.self_attn.q_proj,768,768,0.10318933738218473,,,
2,awq_proxy,,,4,model.decoder.layers.6.self_attn.out_proj,768,768,0.15998490945337668,,,
2,awq_proxy,,,4,model.decoder.layers.6.fc1,768,3072,0.06582106282922916,,,
2,awq_proxy,,,4,model.decoder.layers.6.fc2,3072,768,0.2747687470842988,,,
2,awq_proxy,,,4,model.decoder.layers.7.self_attn.k_proj,768,768,0.1027135717841066,,,
2,awq_proxy,,,4,model.decoder.layers.7.self_attn.v_proj,768,768,0.1447943189024774,,,
2,awq_proxy,,,4,model.decoder.layers.7.self_attn.q_proj,768,768,0.11022282458690219,,,
2,awq_proxy,,,4,model.decoder.layers.7.self_attn.out_proj,768,768,0.19892648493300089,,,
2,awq_proxy,,,4,model.decoder.layers.7.fc1,768,3072,0.0663995218941059,,,
2,awq_proxy,,,4,model.decoder.layers.7.fc2,3072,768,0.2586762630267853,,,
2,awq_proxy,,,4,model.decoder.layers.8.self_attn.k_proj,768,768,0.10992548977066426,,,
2,awq_proxy,,,4,model.decoder.layers.8.self_attn.v_proj,768,768,0.15582373409646624,,,
2,awq_proxy,,,4,model.decoder.layers.8.self_attn.q_proj,768,768,0.11235225024650818,,,
2,awq_proxy,,,4,model.decoder.layers.8.self_attn.out_proj,768,768,0.16625683570729902,,,
2,awq_proxy,,,4,model.decoder.layers.8.fc1,768,3072,0.06579159143930767,,,
2,awq_proxy,,,4,model.decoder.layers.8.fc2,3072,768,0.277791469629046,,,
2,awq_proxy,,,4,model.decoder.layers.9.self_attn.k_proj,768,768,0.11194778573121028,,,
2,awq_proxy,,,4,model.decoder.layers.9.self_attn.v_proj,768,768,0.15515086954874865,,,
2,awq_proxy,,,4,model.decoder.layers.9.self_attn.q_proj,768,768,0.11885316669844642,,,
2,awq_proxy,,,4,model.decoder.layers.9.self_attn.out_proj,768,768,0.16065581675130797,,,
2,awq_proxy,,,4,model.decoder.layers.9.fc1,768,3072,0.06793196409250174,,,
2,awq_proxy,,,4,model.decoder.layers.9.fc2,3072,768,0.2601612657281789,,,
2,awq_proxy,,,4,model.decoder.layers.10.self_attn.k_proj,768,768,0.12519326108079173,,,
2,awq_proxy,,,4,model.decoder.layers.10.self_attn.v_proj,768,768,0.1663041491197032,,,
2,awq_proxy,,,4,model.decoder.layers.10.self_attn.q_proj,768,768,0.11964712921012147,,,
2,awq_proxy,,,4,model.decoder.layers.10.self_attn.out_proj,768,768,0.16720098173929654,,,
2,awq_proxy,,,4,model.decoder.layers.10.fc1,768,3072,0.06831678568645408,,,
2,awq_proxy,,,4,model.decoder.layers.10.fc2,3072,768,0.29403986409658955,,,
2,awq_proxy,,,4,model.decoder.layers.11.self_attn.k_proj,768,768,0.14040681215424022,,,
2,awq_proxy,,,4,model.decoder.layers.11.self_attn.v_proj,768,768,0.18502533060721302,,,
2,awq_proxy,,,4,model.decoder.layers.11.self_attn.q_proj,768,768,0.12705545683322192,,,
2,awq_proxy,,,4,model.decoder.layers.11.self_attn.out_proj,768,768,0.174835531159653,,,
2,awq_proxy,,,4,model.decoder.layers.11.fc1,768,3072,0.08732496768723368,,,
2,awq_proxy,,,4,model.decoder.layers.11.fc2,3072,768,0.12558691624359658,,,
2,awq_proxy,,,4,lm_head,768,50272,0.05542486413399686,,,
2,admm_gptq,task_norm_magnitude,1.0,4,model.decoder.layers.0.self_attn.k_proj,768,768,0.09174471669318508,2.820067080655164,0.24838947560082408,0.09415780632992708
2,admm_gptq,task_norm_magnitude,1.0,4,model.decoder.layers.0.self_attn.v_proj,768,768,0.18258106387446965,0.011512064972252892,0.045731252207024675,1.2646520293239054
2,admm_gptq,task_norm_magnitude,1.0,4,model.decoder.layers.0.self_attn.q_proj,768,768,0.0910368529359559,2.0235209208504252,0.22358105537973003,0.11757702183843578
2,admm_gptq,task_norm_magnitude,1.0,4,model.decoder.layers.0.self_attn.out_proj,768,768,0.11076072551463151,0.0001420600587410007,0.024969559486603572,4.433083024951549
2,admm_gptq,task_norm_magnitude,1.0,4,model.decoder.layers.0.fc1,768,3072,0.07845353439514764,0.2558687950925284,0.2448844645147907,0.9235215528475048
2,admm_gptq,task_norm_magnitude,1.0,4,model.decoder.layers.0.fc2,3072,768,0.10238772752096159,0.0005480995579256545,0.05681106689082609,2.355556560335349
2,admm_gptq,task_norm_magnitude,1.0,4,model.decoder.layers.1.self_attn.k_proj,768,768,0.08144374525716705,0.7623481693138371,0.14690747161893628,0.22346899620006883
2,admm_gptq,task_norm_magnitude,1.0,4,model.decoder.layers.1.self_attn.v_proj,768,768,0.1456943667969399,0.01249873847663822,0.03156602755851608,1.2938344312994399
2,admm_gptq,task_norm_magnitude,1.0,4,model.decoder.layers.1.self_attn.q_proj,768,768,0.09791074721135923,0.679230240224865,0.13592668147367815,0.24200447529592609
2,admm_gptq,task_norm_magnitude,1.0,4,model.decoder.layers.1.self_attn.out_proj,768,768,0.17089133984350346,2.139541228353376e-06,0.009132543709075468,23.01059713431719
2,admm_gptq,task_norm_magnitude,1.0,4,model.decoder.layers.1.fc1,768,3072,0.08861439702683384,0.31087260887221874,0.176397600058251,0.6907630883452782
2,admm_gptq,task_norm_magnitude,1.0,4,model.decoder.layers.1.fc2,3072,768,0.18735193207947218,5.665518186390664e-06,0.006314843215294467,39.87797289833099
2,admm_gptq,task_norm_magnitude,1.0,4,model.decoder.layers.2.self_attn.k_proj,768,768,0.07960765370379612,3.3490982777912337,0.2165213499578933,0.07263254580854137
2,admm_gptq,task_norm_magnitude,1.0,4,model.decoder.layers.2.self_attn.v_proj,768,768,0.16439790635568546,0.09904433788418941,0.07281328131999226,0.9423363584456973
2,admm_gptq,task_norm_magnitude,1.0,4,model.decoder.layers.2.self_attn.q_proj,768,768,0.08131191125473362,2.562603180833118,0.191828233900098,0.08523710859890744
2,admm_gptq,task_norm_magnitude,1.0,4,model.decoder.layers.2.self_attn.out_proj,768,768,0.2171723456136551,1.3961432627047865e-05,0.019456058543598012,6.655006632648325
2,admm_gptq,task_norm_magnitude,1.0,4,model.decoder.layers.2.fc1,768,3072,0.07581168370468849,0.3704059048460981,0.281864664645648,0.7324771908639964
2,admm_gptq,task_norm_magnitude,1.0,4,model.decoder.layers.2.fc2,3072,768,0.0656835851317736,9.455481093012274e-06,0.029491227671277966,9.091967599047615
2,admm_gptq,task_norm_magnitude,1.0,4,model.decoder.layers.3.self_attn.k_proj,768,768,0.05727422735127486,1.3405856644709975,0.12112591347339971,0.10882220648980563
2,admm_gptq,task_norm_magnitude,1.0,4,model.decoder.layers.3.self_attn.v_proj,768,768,0.1728959855314466,0.08289995198691058,0.058906292110959775,1.1658454516991785
2,admm_gptq,task_norm_magnitude,1.0,4,model.decoder.layers.3.self_attn.q_proj,768,768,0.06160158188972967,1.2494214626459361,0.1207139876499856,0.11579893918452923
2,admm_gptq,task_norm_magnitude,1.0,4,model.decoder.layers.3.self_attn.out_proj,768,768,0.19086402926062068,2.1483280849720136e-06,0.008257909360705407,28.03422135881053
2,admm_gptq,task_norm_magnitude,1.0,4,model.decoder.layers.3.fc1,768,3072,0.06027585154201414,0.2533411927708619,0.25013764115219206,0.9410309907749531
2,admm_gptq,task_norm_magnitude,1.0,4,model.decoder.layers.3.fc2,3072,768,0.19143038005693835,5.005208560296624e-06,0.013650686898293286,36.589079916298694
2,admm_gptq,task_norm_magnitude,1.0,4,model.decoder.layers.4.self_attn.k_proj,768,768,0.05983064734554775,5.336844282054576,0.3323315693457868,0.06409015591043005
2,admm_gptq,task_norm_magnitude,1.0,4,model.decoder.layers.4.self_attn.v_proj,768,768,0.16326010090240603,0.09738606748314933,0.08376968929847839,1.0661273771780817
2,admm_gptq,task_norm_magnitude,1.0,4,model.decoder.layers.4.self_attn.q_proj,768,768,0.06537870137406583,4.473939669849674,0.2972482481402237,0.068955289203555
2,admm_gptq,task_norm_magnitude,1.0,4,model.decoder.layers.4.self_attn.out_proj,768,768,0.16701688114521637,4.918170301804048e-06,0.01330960147461925,12.409065683485162
2,admm_gptq,task_norm_magnitude,1.0,4,model.decoder.layers.4.fc1,768,3072,0.05889893679371729,0.16765254220431022,0.12183965318305122,1.1203344894084712
2,admm_gptq,task_norm_magnitude,1.0,4,model.decoder.layers.4.fc2,3072,768,0.2852886797388874,5.920061043607568e-06,0.002460659008449605,39.87797289833099
2,admm_gptq,task_norm_magnitude,1.0,4,model.decoder.layers.5.self_attn.k_proj,768,768,0.06349175313617225,7.805323852627632,0.438452064563274,0.05651853990224564
2,admm_gptq,task_norm_magnitude,1.0,4,model.decoder.layers.5.self_attn.v_proj,768,768,0.16756910280695797,0.11106577294726513,0.09054262644925723,0.8612928684329967
2,admm_gptq,task_norm_magnitude,1.0,4,model.decoder.layers.5.self_attn.q_proj,768,768,0.06666811972812088,6.881591965777018,0.40666087054208083,0.059805648562242075
2,admm_gptq,task_norm_magnitude,1.0,4,model.decoder.layers.5.self_attn.out_proj,768,768,0.1942339717139954,3.003221381342339e-06,0.011353798935710391,17.78103896468446
2,admm_gptq,task_norm_magnitude,1.0,4,model.decoder.layers.5.fc1,768,3072,0.06775440576875102,0.18749151608304912,0.15064909164468934,1.1137196692996958
2,admm_gptq,task_norm_magnitude,1.0,4,model.decoder.layers.5.fc2,3072,768,0.490480285131158,6.551166971204935e-06,0.004883622927602666,39.87797289833099
2,admm_gptq,task_norm_magnitude,1.0,4,model.decoder.layers.6.self_attn.k_proj,768,768,0.06881155107590742,10.823511767561396,0.5331271766370937,0.04781519359374407
2,admm_gptq,task_norm_magnitude,1.0,4,model.decoder.layers.6.self_attn.v_proj,768,768,0.16362535518183632,0.11558476615175621,0.08772026901141744,0.7699573848870465
2,admm_gptq,task_norm_magnitude,1.0,4,model.decoder.layers.6.self_attn.q_proj,768,768,0.06988178139283165,7.509970586039762,0.4558736972148582,0.06073837491493617
2,admm_gptq,task_norm_magnitude,1.0,4,model.decoder.layers.6.self_attn.out_proj,768,768,0.17928038994692425,4.26474737355737e-05,0.02212270379010561,6.180268686403302
2,admm_gptq,task_norm_magnitude,1.0,4,model.decoder.layers.6.fc1,768,3072,0.07290328807391236,0.23978077313524038,0.14922962548858018,0.7337215459762564
2,admm_gptq,task_norm_magnitude,1.0,4,model.decoder.layers.6.fc2,3072,768,0.47937031279876813,1.248016151705839e-05,0.027270631267083366,16.48372206906744
2,admm_gptq,task_norm_magnitude,1.0,4,model.decoder.layers.7.self_attn.k_proj,768,768,0.08074139393988801,12.027400205906357,0.5303675455331639,0.04074773965049476
2,admm_gptq,task_norm_magnitude,1.0,4,model.decoder.layers.7.self_attn.v_proj,768,768,0.147499921827524,0.10337956502138605,0.08474199547121654,0.8602890961713527
2,admm_gptq,task_norm_magnitude,1.0,4,model.decoder.layers.7.self_attn.q_proj,768,768,0.08421946773782647,10.418558259244962,0.5186591483308631,0.04685972448082288
2,admm_gptq,task_norm_magnitude,1.0,4,model.decoder.layers.7.self_attn.out_proj,768,768,0.21572933512242878,0.0007232222595108737,0.04405347385817387,2.0054030118515342
2,admm_gptq,task_norm_magnitude,1.0,4,model.decoder.layers.7.fc1,768,3072,0.07132245937906016,0.26684596837572455,0.18352041054724277,0.7443880276637799
2,admm_gptq,task_norm_magnitude,1.0,4,model.decoder.layers.7.fc2,3072,768,0.43850614296095963,6.498703627631356e-06,0.010782993927685551,39.87797289833099
2,admm_gptq,task_norm_magnitude,1.0,4,model.decoder.layers.8.self_attn.k_proj,768,768,0.09205972569624594,12.505315032133007,0.5033023173397079,0.035881087550684344
2,admm_gptq,task_norm_magnitude,1.0,4,model.decoder.layers.8.self_attn.v_proj,768,768,0.15374491067307253,0.20071544533931523,0.10082118958758086,0.531639076338999
2,admm_gptq,task_norm_magnitude,1.0,4,model.decoder.layers.8.self_attn.q_proj,768,768,0.09174389824416226,11.16736414615293,0.4970753028100768,0.040459007414790124
2,admm_gptq,task_norm_magnitude,1.0,4,model.decoder.layers.8.self_attn.out_proj,768,768,0.17593882588609083,0.0004314595813270337,0.03941265606577861,1.815052620256869
2,admm_gptq,task_norm_magnitude,1.0,4,model.decoder.layers.8.fc1,768,3072,0.06859558376379069,0.22429079599857252,0.15101753748211172,0.8215170479475928
2,admm_gptq,task_norm_magnitude,1.0,4,model.decoder.layers.8.fc2,3072,768,0.44678376734249836,9.724511662214705e-06,0.021775337232169113,22.209696306467972
2,admm_gptq,task_norm_magnitude,1.0,4,model.decoder.layers.9.self_attn.k_proj,768,768,0.10130456420983211,12.59594586257861,0.5076978818322997,0.03542162316231246
2,admm_gptq,task_norm_magnitude,1.0,4,model.decoder.layers.9.self_attn.v_proj,768,768,0.14720906267891465,0.11217330213643671,0.06700098396444426,0.5836336141370835
2,admm_gptq,task_norm_magnitude,1.0,4,model.decoder.layers.9.self_attn.q_proj,768,768,0.10571910040979879,10.92364077286027,0.4871996251917912,0.03961378000650987
2,admm_gptq,task_norm_magnitude,1.0,4,model.decoder.layers.9.self_attn.out_proj,768,768,0.17081786391352496,0.0019545475659986777,0.044353653475974586,1.5186571868483085
2,admm_gptq,task_norm_magnitude,1.0,4,model.decoder.layers.9.fc1,768,3072,0.07082900704124649,0.1556730286981672,0.1272746329728703,1.2129891822995253
2,admm_gptq,task_norm_magnitude,1.0,4,model.decoder.layers.9.fc2,3072,768,0.37543165449292243,1.5873778706204775e-05,0.028533202102164177,15.39727115510049
2,admm_gptq,task_norm_magnitude,1.0,4,model.decoder.layers.10.self_attn.k_proj,768,768,0.12322658912867825,14.68353399745829,0.563862031985725,0.03326399594639802
2,admm_gptq,task_norm_magnitude,1.0,4,model.decoder.layers.10.self_attn.v_proj,768,768,0.1613382301764385,0.1100217651018455,0.06072030281091544,0.635115248174367
2,admm_gptq,task_norm_magnitude,1.0,4,model.decoder.layers.10.self_attn.q_proj,768,768,0.11383347762675962,11.78571815656391,0.5489053699526532,0.041578680371897346
2,admm_gptq,task_norm_magnitude,1.0,4,model.decoder.layers.10.self_attn.out_proj,768,768,0.1784317849385716,0.0004941083748566528,0.0351021042260493,2.329546352041336
2,admm_gptq,task_norm_magnitude,1.0,4,model.decoder.layers.10.fc1,768,3072,0.07412854207004774,0.15186238656768708,0.11317581957318913,1.373803612315321
2,admm_gptq,task_norm_magnitude,1.0,4,model.decoder.layers.10.fc2,3072,768,0.38664720249017304,0.00013443442756721645,0.05278969569962412,5.884094409013751
2,admm_gptq,task_norm_magnitude,1.0,4,model.decoder.layers.11.self_attn.k_proj,768,768,0.1322728022397868,12.770462669654497,0.5175147437709626,0.03421612697923112
2,admm_gptq,task_norm_magnitude,1.0,4,model.decoder.layers.11.self_attn.v_proj,768,768,0.14746880857455727,0.5857957032620518,0.14828537729141236,0.2811745108656748
2,admm_gptq,task_norm_magnitude,1.0,4,model.decoder.layers.11.self_attn.q_proj,768,768,0.11662947239272536,10.882380644703307,0.5141867487486728,0.04090477506719314
2,admm_gptq,task_norm_magnitude,1.0,4,model.decoder.layers.11.self_attn.out_proj,768,768,0.20007204194299488,0.006970709334655154,0.05400684518019838,1.0988684813851777
2,admm_gptq,task_norm_magnitude,1.0,4,model.decoder.layers.11.fc1,768,3072,0.0851467421084669,0.2551698055530141,0.10145945785939825,0.8041673508457894
2,admm_gptq,task_norm_magnitude,1.0,4,model.decoder.layers.11.fc2,3072,768,0.165001054498665,0.003993944896039763,0.08496536105418982,1.784157618772361
2,admm_gptq,task_norm_magnitude,1.0,4,lm_head,768,50272,0.0486967463522502,83.69749986936291,3.4026365051589966,0.030474540273139644
